id,first_name,last_name,email
1,Any,Crang,acrang0@histats.com
2,Benji,Hankins,bhankins1@unc.edu
3,Zitella,Golde,zgolde2@vimeo.com
4,Griz,Payle,gpayle3@prnewswire.com
5,Lida,Tineman,ltineman4@desdev.cn
6,Tony,Dillamore,tdillamore5@arizona.edu
7,Hildagard,McLarty,hmclarty6@npr.org
8,Adolf,Redmond,aredmond7@usda.gov
9,Nicolais,Witt,nwitt8@people.com.cn
10,Germaine,Cattemull,gcattemull9@topsy.com
